{
  "methodology": "joint-ridge + rolling-origin CV",
  "ridgeLambda": 10,
  "seasons": [
    2009,
    2010,
    2011,
    2012,
    2013,
    2014,
    2015,
    2016,
    2017,
    2018,
    2019,
    2020,
    2021,
    2022,
    2023,
    2024
  ],
  "split": {
    "trainSeasons": [
      2009,
      2010,
      2011,
      2012,
      2013,
      2014,
      2015,
      2016,
      2017,
      2018,
      2019,
      2020,
      2021,
      2022,
      2023
    ],
    "validationSeasons": [
      2024
    ]
  },
  "hfa": 2,
  "playerCoeffs": {
    "qbYpaMult": 0.05,
    "qbIntMult": 5,
    "qbEpaMult": 4,
    "wrPprMult": 0.030767441668663898,
    "wrShareMult": 0.5,
    "rbYpgDiv": 80,
    "rbTdMult": 1.2
  },
  "useReplacementAddBack": true,
  "folds": [
    {
      "trainSeasons": [
        2009
      ],
      "valSeason": 2010,
      "winRate": 0.45454545454545453,
      "brierScore": 0.22701372689517713,
      "sampleSize": 132,
      "hfa": 2.25,
      "playerCoeffs": {
        "qbYpaMult": 1.2,
        "qbIntMult": 5,
        "qbEpaMult": 2.381586966723268,
        "wrPprMult": 0.06085940943015576,
        "wrShareMult": 0.5,
        "rbYpgDiv": 51.01528313478486,
        "rbTdMult": 1.2
      }
    },
    {
      "trainSeasons": [
        2009,
        2010
      ],
      "valSeason": 2011,
      "winRate": 0.5424836601307189,
      "brierScore": 0.20650858147547768,
      "sampleSize": 153,
      "hfa": 2,
      "playerCoeffs": {
        "qbYpaMult": 1.2,
        "qbIntMult": 5,
        "qbEpaMult": 4,
        "wrPprMult": 0.028959043739962144,
        "wrShareMult": 0.5,
        "rbYpgDiv": 77.87446933242069,
        "rbTdMult": 1.2
      }
    },
    {
      "trainSeasons": [
        2009,
        2010,
        2011
      ],
      "valSeason": 2012,
      "winRate": 0.44029850746268656,
      "brierScore": 0.21811088617990962,
      "sampleSize": 134,
      "hfa": 2.5,
      "playerCoeffs": {
        "qbYpaMult": 1.2,
        "qbIntMult": 5,
        "qbEpaMult": 4,
        "wrPprMult": 0.03326906165897876,
        "wrShareMult": 0.5,
        "rbYpgDiv": 80,
        "rbTdMult": 1.1465007759122734
      }
    },
    {
      "trainSeasons": [
        2009,
        2010,
        2011,
        2012
      ],
      "valSeason": 2013,
      "winRate": 0.5289855072463768,
      "brierScore": 0.20726577277189773,
      "sampleSize": 138,
      "hfa": 2.5,
      "playerCoeffs": {
        "qbYpaMult": 1.2,
        "qbIntMult": 5,
        "qbEpaMult": 4,
        "wrPprMult": 0.02805458535375854,
        "wrShareMult": 0.5,
        "rbYpgDiv": 80,
        "rbTdMult": 1.2
      }
    },
    {
      "trainSeasons": [
        2009,
        2010,
        2011,
        2012,
        2013
      ],
      "valSeason": 2014,
      "winRate": 0.5304878048780488,
      "brierScore": 0.20315240207933621,
      "sampleSize": 164,
      "hfa": 2.5,
      "playerCoeffs": {
        "qbYpaMult": 1.2,
        "qbIntMult": 5,
        "qbEpaMult": 4,
        "wrPprMult": 0.02,
        "wrShareMult": 0.5,
        "rbYpgDiv": 80,
        "rbTdMult": 1.2
      }
    },
    {
      "trainSeasons": [
        2009,
        2010,
        2011,
        2012,
        2013,
        2014
      ],
      "valSeason": 2015,
      "winRate": 0.49324324324324326,
      "brierScore": 0.22622047080807067,
      "sampleSize": 148,
      "hfa": 2.5,
      "playerCoeffs": {
        "qbYpaMult": 1.2,
        "qbIntMult": 5,
        "qbEpaMult": 4,
        "wrPprMult": 0.02,
        "wrShareMult": 0.5,
        "rbYpgDiv": 80,
        "rbTdMult": 1.2
      }
    },
    {
      "trainSeasons": [
        2009,
        2010,
        2011,
        2012,
        2013,
        2014,
        2015
      ],
      "valSeason": 2016,
      "winRate": 0.4961832061068702,
      "brierScore": 0.21897358594663405,
      "sampleSize": 131,
      "hfa": 2.5,
      "playerCoeffs": {
        "qbYpaMult": 1.2,
        "qbIntMult": 5,
        "qbEpaMult": 4,
        "wrPprMult": 0.02,
        "wrShareMult": 0.5,
        "rbYpgDiv": 80,
        "rbTdMult": 1.2
      }
    },
    {
      "trainSeasons": [
        2009,
        2010,
        2011,
        2012,
        2013,
        2014,
        2015,
        2016
      ],
      "valSeason": 2017,
      "winRate": 0.47770700636942676,
      "brierScore": 0.22718727311774164,
      "sampleSize": 157,
      "hfa": 2.5,
      "playerCoeffs": {
        "qbYpaMult": 1.0335269138022172,
        "qbIntMult": 5,
        "qbEpaMult": 4,
        "wrPprMult": 0.02,
        "wrShareMult": 0.5,
        "rbYpgDiv": 80,
        "rbTdMult": 1.2
      }
    },
    {
      "trainSeasons": [
        2009,
        2010,
        2011,
        2012,
        2013,
        2014,
        2015,
        2016,
        2017
      ],
      "valSeason": 2018,
      "winRate": 0.4968944099378882,
      "brierScore": 0.22400628277043325,
      "sampleSize": 161,
      "hfa": 2.5,
      "playerCoeffs": {
        "qbYpaMult": 0.6983959650959655,
        "qbIntMult": 5,
        "qbEpaMult": 4,
        "wrPprMult": 0.02,
        "wrShareMult": 0.5,
        "rbYpgDiv": 80,
        "rbTdMult": 1.2
      }
    },
    {
      "trainSeasons": [
        2009,
        2010,
        2011,
        2012,
        2013,
        2014,
        2015,
        2016,
        2017,
        2018
      ],
      "valSeason": 2019,
      "winRate": 0.45,
      "brierScore": 0.22884007760845929,
      "sampleSize": 140,
      "hfa": 2.5,
      "playerCoeffs": {
        "qbYpaMult": 0.5675897011412555,
        "qbIntMult": 5,
        "qbEpaMult": 4,
        "wrPprMult": 0.02,
        "wrShareMult": 0.5,
        "rbYpgDiv": 80,
        "rbTdMult": 1.2
      }
    },
    {
      "trainSeasons": [
        2009,
        2010,
        2011,
        2012,
        2013,
        2014,
        2015,
        2016,
        2017,
        2018,
        2019
      ],
      "valSeason": 2020,
      "winRate": 0.5144508670520231,
      "brierScore": 0.2276226943435656,
      "sampleSize": 173,
      "hfa": 2.25,
      "playerCoeffs": {
        "qbYpaMult": 0.1574356635735366,
        "qbIntMult": 5,
        "qbEpaMult": 4,
        "wrPprMult": 0.02,
        "wrShareMult": 0.5,
        "rbYpgDiv": 80,
        "rbTdMult": 1.2
      }
    },
    {
      "trainSeasons": [
        2009,
        2010,
        2011,
        2012,
        2013,
        2014,
        2015,
        2016,
        2017,
        2018,
        2019,
        2020
      ],
      "valSeason": 2021,
      "winRate": 0.4777777777777778,
      "brierScore": 0.24994781323133533,
      "sampleSize": 180,
      "hfa": 2,
      "playerCoeffs": {
        "qbYpaMult": 0.05,
        "qbIntMult": 5,
        "qbEpaMult": 4,
        "wrPprMult": 0.02,
        "wrShareMult": 0.5,
        "rbYpgDiv": 80,
        "rbTdMult": 1.2
      }
    },
    {
      "trainSeasons": [
        2009,
        2010,
        2011,
        2012,
        2013,
        2014,
        2015,
        2016,
        2017,
        2018,
        2019,
        2020,
        2021
      ],
      "valSeason": 2022,
      "winRate": 0.5174418604651163,
      "brierScore": 0.221936441977468,
      "sampleSize": 172,
      "hfa": 2,
      "playerCoeffs": {
        "qbYpaMult": 0.05,
        "qbIntMult": 5,
        "qbEpaMult": 4,
        "wrPprMult": 0.024327944075084266,
        "wrShareMult": 0.5,
        "rbYpgDiv": 80,
        "rbTdMult": 1.2
      }
    },
    {
      "trainSeasons": [
        2009,
        2010,
        2011,
        2012,
        2013,
        2014,
        2015,
        2016,
        2017,
        2018,
        2019,
        2020,
        2021,
        2022
      ],
      "valSeason": 2023,
      "winRate": 0.4666666666666667,
      "brierScore": 0.2355364503082213,
      "sampleSize": 165,
      "hfa": 2,
      "playerCoeffs": {
        "qbYpaMult": 0.05,
        "qbIntMult": 5,
        "qbEpaMult": 4,
        "wrPprMult": 0.02722438590554354,
        "wrShareMult": 0.5,
        "rbYpgDiv": 80,