{
  "generatedAt": "2026-07-11T00:16:38.594Z",
  "methodology": "v3 QB-Elo + weekly-EPA team signal + optional market blend. Independent and blended reported separately. IP: independent reimplementation from public methodology descriptions — not a port of nfelo source.",
  "requestedSplit": {
    "train": "2009–2022",
    "validation": "2023–2024"
  },
  "actualSplit": {
    "trainSeasons": [
      2009,
      2010,
      2011,
      2012,
      2013,
      2014,
      2015,
      2016,
      2017,
      2018,
      2019,
      2020,
      2021,
      2022
    ],
    "validationSeasons": [
      2023,
      2024
    ],
    "note": "Seasons 2009–2024 (injury reports available from 2009; spread_line clean earlier)."
  },
  "srsPrior": {
    "method": "prior-season-decay",
    "note": "No free historical win-total odds — SRS stretch goal blocked on data."
  },
  "wepaNote": "Team WEPA approximated from weekly player EPA sums; play-level weightPlay() used when PBP rows are supplied (unit tests).",
  "modelWeight": 0.15,
  "coverCoeffs": {
    "intercept": -0.01129131110203745,
    "slope": -0.06469891835801977
  },
  "replacementElo": 1450,
  "breakeven": 0.524,
  "v2": {
    "trainWinRate": 0.49134300421151145,
    "trainGames": 2137,
    "trainBrier": 0.2252378340722958,
    "trainRoi": -0.06198153741438722,
    "trainStraightUpAccuracy": 0.6454747362576346,
    "trainStraightUpGames": 3602,
    "validationWinRate": 0.5014577259475219,
    "validationGames": 343,
    "validationBrier": 0.22292471461910068,
    "validationRoi": -0.04267161410018558,
    "validationStraightUpAccuracy": 0.6231617647058824,
    "validationStraightUpGames": 544,
    "allWinRate": 0.49274193548387096,
    "allGames": 2480,
    "allBrier": 0.2249179147285675,
    "allRoi": -0.059310850439882754,
    "allStraightUpAccuracy": 0.6425470332850941,
    "beatsV2Holdout": false
  },
  "v3Independent": {
    "trainWinRate": 0.49966865473823724,
    "trainGames": 3018,
    "trainBrier": 0.24709287861725215,
    "trainRoi": -0.04608711368154713,
    "trainStraightUpAccuracy": 0.6425201221204552,
    "trainStraightUpGames": 3603,
    "validationWinRate": 0.47863247863247865,
    "validationGames": 468,
    "validationBrier": 0.23664845647102395,
    "validationRoi": -0.08624708624708627,
    "validationStraightUpAccuracy": 0.6433823529411765,
    "validationStraightUpGames": 544,
    "allWinRate": 0.4968445209409065,
    "allGames": 3486,
    "allBrier": 0.24569070146164834,
    "allRoi": -0.05147864184008764,
    "allStraightUpAccuracy": 0.6426332288401254,
    "beatsV2Holdout": false
  },
  "v3MarketBlended": {
    "trainWinRate": 0.5043144774688398,
    "trainGames": 1043,
    "trainBrier": 0.2192171616632295,
    "trainRoi": -0.03721781574130567,
    "trainStraightUpAccuracy": 0.6652789342214821,
    "trainStraightUpGames": 3603,
    "validationWinRate": 0.5375722543352601,
    "validationGames": 173,
    "validationBrier": 0.178122879367606,
    "validationRoi": 0.02627430373095114,
    "validationStraightUpAccuracy": 0.7040441176470589,
    "validationStraightUpGames": 544,
    "allWinRate": 0.509046052631579,
    "allGames": 1216,
    "allBrier": 0.21337068893531586,
    "allRoi": -0.028184808612440174,
    "allStraightUpAccuracy": 0.6703641186399807,
    "beatsV2Holdout": true
  },
  "verdict": "Holdout: only the market-blended v3 clears breakeven vs v2 — do not conflate with independent edge over the closing line."
}