{
  "generatedAt": "2026-07-11T00:25:45.229Z",
  "methodology": "v3 QB-Elo + weekly-EPA team signal + optional market blend. Independent and blended reported separately. IP: independent reimplementation from public methodology descriptions — not a port of nfelo source.",
  "requestedSplit": {
    "train": "2009–2022",
    "validation": "2023–2024"
  },
  "actualSplit": {
    "trainSeasons": [
      2009,
      2010,
      2011,
      2012,
      2013,
      2014,
      2015,
      2016,
      2017,
      2018,
      2019,
      2020,
      2021,
      2022
    ],
    "validationSeasons": [
      2023,
      2024
    ],
    "note": "Seasons 2009–2024 (injury reports available from 2009; spread_line clean earlier)."
  },
  "srsPrior": {
    "method": "prior-season-decay",
    "note": "No free historical win-total odds — SRS stretch goal blocked on data."
  },
  "wepaNote": "Team WEPA approximated from weekly player EPA sums; play-level weightPlay() used when PBP rows are supplied (unit tests).",
  "modelWeight": 0.15,
  "coverCoeffs": {
    "intercept": -0.05686994027752417,
    "slope": -0.18110634549607993
  },
  "replacementElo": 1450,
  "breakeven": 0.524,
  "v2": {
    "trainWinRate": 0.49134300421151145,
    "trainGames": 2137,
    "trainBrier": 0.2252378340722958,
    "trainRoi": -0.06198153741438722,
    "trainStraightUpAccuracy": 0.6454747362576346,
    "trainStraightUpGames": 3602,
    "trainMae": 10.535615491009697,
    "validationWinRate": 0.5014577259475219,
    "validationGames": 343,
    "validationBrier": 0.22292471461910068,
    "validationRoi": -0.04267161410018558,
    "validationStraightUpAccuracy": 0.6231617647058824,
    "validationStraightUpGames": 544,
    "validationMae": 10.314999999999996,
    "allWinRate": 0.49274193548387096,
    "allGames": 2480,
    "allBrier": 0.2249179147285675,
    "allRoi": -0.059310850439882754,
    "allStraightUpAccuracy": 0.6425470332850941,
    "allMae": 10.506758836258726,
    "allMaeN": 4159,
    "beatsV2Holdout": false
  },
  "v3Independent": {
    "trainWinRate": 0.48512396694214877,
    "trainGames": 2420,
    "trainBrier": 0.22802462229024933,
    "trainRoi": -0.0738542449286251,
    "trainStraightUpAccuracy": 0.6361365528726062,
    "trainStraightUpGames": 3603,
    "trainMae": 10.692340220593705,
    "validationWinRate": 0.4805194805194805,
    "validationGames": 385,
    "validationBrier": 0.23185347483122645,
    "validationRoi": -0.08264462809917354,
    "validationStraightUpAccuracy": 0.6544117647058824,
    "validationStraightUpGames": 544,
    "validationMae": 10.43816700313727,
    "allWinRate": 0.4844919786096257,
    "allGames": 2805,
    "allBrier": 0.22855015107038354,
    "allRoi": -0.07506076810889643,
    "allStraightUpAccuracy": 0.6385338799131902,
    "allMae": 10.659094192631116,
    "allMaeN": 4159,
    "beatsV2Holdout": false
  },
  "v3MarketBlended": {
    "trainWinRate": 0.5140562248995983,
    "trainGames": 249,
    "trainBrier": 0.22070679620485106,
    "trainRoi": -0.0186199342825849,
    "trainStraightUpAccuracy": 0.6627810158201499,
    "trainStraightUpGames": 3603,
    "trainMae": 10.247148780514257,
    "validationWinRate": 0.5,
    "validationGames": 56,
    "validationBrier": 0.19218860591742773,
    "validationRoi": -0.04545454545454548,
    "validationStraightUpAccuracy": 0.6966911764705882,
    "validationStraightUpGames": 544,
    "validationMae": 9.776088672968626,
    "allWinRate": 0.5114754098360655,
    "allGames": 305,
    "allBrier": 0.21547066946355367,
    "allRoi": -0.023546944858420286,
    "allStraightUpAccuracy": 0.6672293224017362,
    "allMae": 10.185533801311376,
    "allMaeN": 4159,
    "beatsV2Holdout": false
  },
  "verdict": "Holdout: neither v3 variant clearly beats v2 (>1pp) — reported plainly, not tuned away. Independent remains ~coin-flip ATS."
}