{
  "generatedAt": "2026-07-11T00:33:47.033Z",
  "methodology": "v3 QB-Elo (calibrated internals) + weekly-EPA + market blend with independent-selection playability. Two changes reported separately. IP: independent reimplementation — not a port of nfelo source.",
  "requestedSplit": {
    "train": "2009–2022",
    "validation": "2023–2024"
  },
  "actualSplit": {
    "trainSeasons": [
      2009,
      2010,
      2011,
      2012,
      2013,
      2014,
      2015,
      2016,
      2017,
      2018,
      2019,
      2020,
      2021,
      2022
    ],
    "validationSeasons": [
      2023,
      2024
    ],
    "note": "Seasons 2009–2024 (injury reports available from 2009; spread_line clean earlier)."
  },
  "srsPrior": {
    "method": "prior-season-decay",
    "note": "No free historical win-total odds — SRS stretch goal blocked on data."
  },
  "wepaNote": "Team WEPA approximated from weekly player EPA sums; play-level weightPlay() used when PBP rows are supplied (unit tests).",
  "qbEloParams": {
    "gameWeight": 0.3,
    "careerWeightCap": 0.45,
    "careerSampleHalfLife": 24,
    "rookiePremiumMax": 120,
    "rookieDecayPickScale": 30,
    "wepaToEloScale": 8
  },
  "modelWeight": 0.15,
  "coverCoeffs": {
    "intercept": -0.04891515461383162,
    "slope": -0.1072655178458949
  },
  "replacementElo": 1450,
  "breakeven": 0.524,
  "v2": {
    "trainWinRate": 0.49134300421151145,
    "trainGames": 2137,
    "trainBrier": 0.2252378340722958,
    "trainRoi": -0.06198153741438722,
    "trainStraightUpAccuracy": 0.6454747362576346,
    "trainStraightUpGames": 3602,
    "trainMae": 10.535615491009697,
    "validationWinRate": 0.5014577259475219,
    "validationGames": 343,
    "validationBrier": 0.22292471461910068,
    "validationRoi": -0.04267161410018558,
    "validationStraightUpAccuracy": 0.6231617647058824,
    "validationStraightUpGames": 544,
    "validationMae": 10.314999999999996,
    "allWinRate": 0.49274193548387096,
    "allGames": 2480,
    "allBrier": 0.2249179147285675,
    "allRoi": -0.059310850439882754,
    "allStraightUpAccuracy": 0.6425470332850941,
    "allMae": 10.506758836258726,
    "allMaeN": 4159,
    "beatsV2Holdout": false
  },
  "v3Independent": {
    "trainWinRate": 0.48986942818550205,
    "trainGames": 2221,
    "trainBrier": 0.22270873428669805,
    "trainRoi": -0.06479472800949616,
    "trainStraightUpAccuracy": 0.6375242853177907,
    "trainStraightUpGames": 3603,
    "trainMae": 10.568411847221798,
    "validationWinRate": 0.4738372093023256,
    "validationGames": 344,
    "validationBrier": 0.22055747232971365,
    "validationRoi": -0.09540169133192387,
    "validationStraightUpAccuracy": 0.6158088235294118,
    "validationStraightUpGames": 544,
    "validationMae": 10.389835114444802,
    "allWinRate": 0.48771929824561405,
    "allGames": 2565,
    "allBrier": 0.22242022196186292,
    "allRoi": -0.06889952153110049,
    "allStraightUpAccuracy": 0.6346756691584278,
    "allMae": 10.545053890349791,
    "allMaeN": 4159,
    "beatsV2Holdout": false
  },
  "v3MarketBlended": {
    "trainWinRate": 0.48986942818550205,
    "trainGames": 2221,
    "trainBrier": 0.20793919233668204,
    "trainRoi": -0.06479472800949616,
    "trainStraightUpAccuracy": 0.6636136552872606,
    "trainStraightUpGames": 3603,
    "trainMae": 10.243824578249255,
    "validationWinRate": 0.4738372093023256,
    "validationGames": 344,
    "validationBrier": 0.19891969540371088,
    "validationRoi": -0.09540169133192387,
    "validationStraightUpAccuracy": 0.6948529411764706,
    "validationStraightUpGames": 544,
    "validationMae": 9.797803753837883,
    "allWinRate": 0.48771929824561405,
    "allGames": 2565,
    "allBrier": 0.20672955999947276,
    "allRoi": -0.06889952153110049,
    "allStraightUpAccuracy": 0.6677115987460815,
    "allMae": 10.185484754137734,
    "allMaeN": 4159,
    "beatsV2Holdout": false
  },
  "changes": {
    "qbEloCalibration": {
      "before": {
        "trainWinRate": 0.48512396694214877,
        "trainGames": 2420,
        "trainBrier": 0.22802462229024933,
        "trainRoi": -0.0738542449286251,
        "trainStraightUpAccuracy": 0.6361365528726062,
        "trainStraightUpGames": 3603,
        "trainMae": 10.692340220593705,
        "validationWinRate": 0.4805194805194805,
        "validationGames": 385,
        "validationBrier": 0.23185347483122645,
        "validationRoi": -0.08264462809917354,
        "validationStraightUpAccuracy": 0.6544117647058824,
        "validationStraightUpGames": 544,
        "validationMae": 10.43816700313727,
        "allWinRate": 0.4844919786096257,
        "allGames": 2805,
        "allBrier": 0.22855015107038354,
        "allRoi": -0.07506076810889643,
        "allStraightUpAccuracy": 0.6385338799131902,
        "allMae": 10.659094192631116,
        "allMaeN": 4159,
        "beatsV2Holdout": false
      },
      "after": {
        "trainWinRate": 0.48986942818550205,
        "trainGames": 2221,
        "trainBrier": 0.22270873428669805,
        "trainRoi": -0.06479472800949616,
        "trainStraightUpAccuracy": 0.6375242853177907,
        "trainStraightUpGames": 3603,
        "trainMae": 10.568411847221798,
        "validationWinRate": 0.4738372093023256,
        "validationGames": 344,
        "validationBrier": 0.22055747232971365,
        "validationRoi": -0.09540169133192387,
        "validationStraightUpAccuracy": 0.6158088235294118,
        "validationStraightUpGames": 544,
        "validationMae": 10.389835114444802,
        "allWinRate": 0.48771929824561405,
        "allGames": 2565,
        "allBrier": 0.22242022196186292,
        "allRoi": -0.06889952153110049,
        "allStraightUpAccuracy": 0.6346756691584278,
        "allMae": 10.545053890349791,
        "allMaeN": 4159,
        "beatsV2Holdout": false
      },
      "paramsBefore": {
        "gameWeight": 0.35,
        "careerWeightCap": 0.55,
        "careerSampleHalfLife": 24,
        "rookiePremiumMax": 120,
        "rookieDecayPickScale": 40,
        "wepaToEloScale": 8
      },
      "paramsAfter": {
        "gameWeight": 0.3,
        "careerWeightCap": 0.45,
        "careerSampleHalfLife": 24,
        "rookiePremiumMax": 120,
        "rookieDecayPickScale": 30,
        "wepaToEloScale": 8
      },
      "helpedHoldout": false
    },
    "marketBlendPlayability": {
      "before": {
        "trainWinRate": 0.4605263157894737,
        "trainGames": 152,
        "trainBrier": 0.20293323439585376,
        "trainRoi": -0.12081339712918662,
        "trainStraightUpAccuracy": 0.6636136552872606,
        "trainStraightUpGames": 3603,
        "trainMae": 10.243824578249255,
        "validationWinRate": 0.4,
        "validationGames": 35,
        "validationBrier": 0.17544508914846746,
        "validationRoi": -0.2363636363636364,
        "validationStraightUpAccuracy": 0.6948529411764706,
        "validationStraightUpGames": 544,
        "validationMae": 9.797803753837883,
        "allWinRate": 0.44919786096256686,
        "allGames": 187,
        "allBrier": 0.19778839437628945,
        "allRoi": -0.1424404472532815,
        "allStraightUpAccuracy": 0.6677115987460815,
        "allMae": 10.185484754137734,
        "allMaeN": 4159,
        "beatsV2Holdout": false
      },
      "after": {
        "trainWinRate": 0.48986942818550205,
        "trainGames": 2221,
        "trainBrier": 0.20793919233668204,
        "trainRoi": -0.06479472800949616,
        "trainStraightUpAccuracy": 0.6636136552872606,
        "trainStraightUpGames": 3603,
        "trainMae": 10.243824578249255,
        "validationWinRate": 0.4738372093023256,
        "validationGames": 344,
        "validationBrier": 0.19891969540371088,
        "validationRoi": -0.09540169133192387,
        "validationStraightUpAccuracy": 0.6948529411764706,
        "validationStraightUpGames": 544,
        "validationMae": 9.797803753837883,
        "allWinRate": 0.48771929824561405,
        "allGames": 2565,
        "allBrier": 0.20672955999947276,