{
  "asOfDate": "2026-07-10",
  "ratings": {
    "ANA": 1455.3702251424013,
    "ARI": 1505.1210809372214,
    "ATH": 1480.932026,
    "ATL": 1521.324863190026,
    "BAL": 1489.6280172026943,
    "BOS": 1515.5585175633553,
    "CHC": 1533.017971046708,
    "CHW": 1481.2718565290393,
    "CIN": 1495.3950197635609,
    "CLE": 1515.6641655505748,
    "COL": 1436.4811154933182,
    "DET": 1503.0768820483129,
    "FLA": 1469.5385733333333,
    "HOU": 1507.1372990553316,
    "KCR": 1475.7148657995058,
    "LAD": 1562.4960910592456,
    "MIA": 1524.0170660040028,
    "MIL": 1566.202659424434,
    "MIN": 1486.0087381746337,
    "NYM": 1485.4632848502197,
    "NYY": 1537.0168248551852,
    "OAK": 1476.8033421041055,
    "PHI": 1539.0348413854733,
    "PIT": 1493.0968927046415,
    "SDP": 1511.4836005168165,
    "SEA": 1513.351254999624,
    "SFG": 1482.564778562507,
    "STL": 1509.0184932574657,
    "TBD": 1499.147724,
    "TBR": 1524.5218804095446,
    "TEX": 1507.2548962704896,
    "TOR": 1510.0235549029705,
    "WSN": 1487.260138529925
  }
}
